{"cameraMode":{"drawMode":0,"name":"Shaded","section":"Shading Mode"},"sceneLighting":false,"audioPlay":false,"sceneViewState":{"showFog":true,"showMaterialUpdate":false,"showSkybox":false,"showFlares":true,"showImageEffects":true,"showParticleSystems":true},"in2DMode":false,"pivot":{"x":-0.1347000151872635,"y":0.980692982673645,"z":-1.1627954244613648},"rotation":{"x":-0.029990704730153085,"y":0.9695309400558472,"z":-0.15577587485313416,"w":-0.18666060268878938},"size":0.7490434050559998,"orthographic":false}