{"cameraMode":{"drawMode":0,"name":"Shaded","section":"Shading Mode"},"sceneLighting":false,"audioPlay":false,"sceneViewState":{"showFog":true,"showMaterialUpdate":false,"showSkybox":false,"showFlares":true,"showImageEffects":true,"showParticleSystems":true},"in2DMode":false,"pivot":{"x":-0.8896167874336243,"y":0.08079826831817627,"z":2.1538875102996828},"rotation":{"x":0.1312396079301834,"y":-0.5546338558197022,"z":0.08913498371839524,"w":0.8169221878051758},"size":1.7343764305114747,"orthographic":false}