{"cameraMode":{"drawMode":0,"name":"Shaded","section":"Shading Mode"},"sceneLighting":true,"audioPlay":false,"sceneViewState":{"showFog":true,"showMaterialUpdate":false,"showSkybox":true,"showFlares":true,"showImageEffects":true,"showParticleSystems":true},"in2DMode":false,"pivot":{"x":10.848945617675782,"y":-21.484407424926759,"z":-21.24298667907715},"rotation":{"x":-0.14953672885894776,"y":0.834893524646759,"z":-0.27621155977249148,"w":-0.45199719071388247},"size":13.47604751586914,"orthographic":true}