{"cameraMode":{"drawMode":0,"name":"Shaded","section":"Shading Mode"},"sceneLighting":false,"audioPlay":false,"sceneViewState":{"showFog":true,"showMaterialUpdate":false,"showSkybox":true,"showFlares":true,"showImageEffects":true,"showParticleSystems":true},"in2DMode":false,"pivot":{"x":-21.152036666870118,"y":3.2458584308624269,"z":27.739980697631837},"rotation":{"x":0.27879616618156435,"y":-0.4966394901275635,"z":0.17228208482265473,"w":0.803718090057373},"size":3.3574559688568117,"orthographic":false}