{"cameraMode":{"drawMode":0,"name":"Shaded","section":"Shading Mode"},"sceneLighting":false,"audioPlay":false,"sceneViewState":{"showFog":true,"showMaterialUpdate":false,"showSkybox":false,"showFlares":true,"showImageEffects":true,"showParticleSystems":true},"in2DMode":false,"pivot":{"x":-1.2032191753387452,"y":10.830795288085938,"z":87.15308380126953},"rotation":{"x":0.16680574417114259,"y":0.8132414221763611,"z":-0.28210222721099856,"w":0.4808679521083832},"size":5.8536529541015629,"orthographic":true}