{"cameraMode":{"drawMode":0,"name":"Shaded","section":"Shading Mode"},"sceneLighting":false,"audioPlay":false,"sceneViewState":{"showFog":true,"showMaterialUpdate":false,"showSkybox":false,"showFlares":true,"showImageEffects":true,"showParticleSystems":true},"in2DMode":false,"pivot":{"x":-9.00378131866455,"y":-6.956923961639404,"z":12.163836479187012},"rotation":{"x":0.19429025053977967,"y":-0.4721545875072479,"z":0.10796789079904556,"w":0.8532630205154419},"size":0.7329452633857727,"orthographic":false}