{"cameraMode":{"drawMode":0,"name":"Shaded","section":"Shading Mode"},"sceneLighting":false,"audioPlay":false,"sceneViewState":{"showFog":true,"showMaterialUpdate":false,"showSkybox":true,"showFlares":true,"showImageEffects":true,"showParticleSystems":true},"in2DMode":false,"pivot":{"x":-35.31377410888672,"y":-30.442638397216798,"z":32.40967559814453},"rotation":{"x":0.4032733142375946,"y":-0.33492809534072878,"z":0.16154055297374726,"w":0.836123526096344},"size":27.645353317260743,"orthographic":false}