{"cameraMode":{"drawMode":0,"name":"Shaded","section":"Shading Mode"},"sceneLighting":false,"audioPlay":false,"sceneViewState":{"showFog":true,"showMaterialUpdate":false,"showSkybox":true,"showFlares":true,"showImageEffects":true,"showParticleSystems":true},"in2DMode":false,"pivot":{"x":-28.76300048828125,"y":-10.040077209472657,"z":43.56759262084961},"rotation":{"x":0.5095093846321106,"y":-0.2753065824508667,"z":0.17622922360897065,"w":0.7959589958190918},"size":26.40886116027832,"orthographic":false}