{"cameraMode":{"drawMode":1,"name":"Wireframe","section":"Shading Mode"},"sceneLighting":false,"audioPlay":false,"sceneViewState":{"showFog":true,"showMaterialUpdate":false,"showSkybox":false,"showFlares":true,"showImageEffects":true,"showParticleSystems":true},"in2DMode":false,"pivot":{"x":5.577997207641602,"y":7.201261043548584,"z":56.76710891723633},"rotation":{"x":-0.0007017457974143326,"y":0.9990790486335754,"z":-0.01798534207046032,"w":-0.038983918726444247},"size":3.6181225776672365,"orthographic":true}