{"cameraMode":{"drawMode":0,"name":"Shaded","section":"Shading Mode"},"sceneLighting":true,"audioPlay":false,"sceneViewState":{"showFog":true,"showMaterialUpdate":false,"showSkybox":true,"showFlares":true,"showImageEffects":true,"showParticleSystems":true},"in2DMode":false,"pivot":{"x":1.01316237449646,"y":1.819807767868042,"z":1.7406911849975587},"rotation":{"x":-0.017767829820513727,"y":-0.969562828540802,"z":0.07371685653924942,"w":-0.23298639059066773},"size":2.5205748081207277,"orthographic":false}