{"cameraMode":{"drawMode":0,"name":"Shaded","section":"Shading Mode"},"sceneLighting":false,"audioPlay":false,"sceneViewState":{"showFog":true,"showMaterialUpdate":false,"showSkybox":true,"showFlares":true,"showImageEffects":true,"showParticleSystems":true},"in2DMode":false,"pivot":{"x":-47.10162353515625,"y":-10.790589332580567,"z":81.11097717285156},"rotation":{"x":-0.2999609112739563,"y":0.40216806530952456,"z":-0.14138875901699067,"w":-0.8534467220306397},"size":24.540760040283204,"orthographic":false}