{"cameraMode":{"drawMode":0,"name":"Shaded","section":"Shading Mode"},"sceneLighting":false,"audioPlay":false,"sceneViewState":{"showFog":true,"showMaterialUpdate":false,"showSkybox":false,"showFlares":true,"showImageEffects":true,"showParticleSystems":true},"in2DMode":false,"pivot":{"x":-8.044595718383789,"y":2.4052889347076418,"z":14.649967193603516},"rotation":{"x":0.006589082535356283,"y":-0.9086747765541077,"z":0.014467796310782433,"w":0.4172692894935608},"size":2.5464389324188234,"orthographic":false}