{"cameraMode":{"drawMode":0,"name":"Shaded","section":"Shading Mode"},"sceneLighting":false,"audioPlay":false,"sceneViewState":{"showFog":true,"showMaterialUpdate":false,"showSkybox":false,"showFlares":true,"showImageEffects":true,"showParticleSystems":true},"in2DMode":false,"pivot":{"x":-14.164690017700196,"y":5.075963973999023,"z":35.06989669799805},"rotation":{"x":0.3018916845321655,"y":-0.0357392281293869,"z":0.011326633393764496,"w":0.9526066184043884},"size":2.634416103363037,"orthographic":true}