{"cameraMode":{"drawMode":0,"name":"Shaded","section":"Shading Mode"},"sceneLighting":false,"audioPlay":false,"sceneViewState":{"showFog":true,"showMaterialUpdate":false,"showSkybox":false,"showFlares":true,"showImageEffects":true,"showParticleSystems":true},"in2DMode":false,"pivot":{"x":-1.3623707294464112,"y":1.5803470611572266,"z":4.21450662612915},"rotation":{"x":-0.0077350931242108349,"y":-0.9910674095153809,"z":-0.06518920511007309,"w":0.11645891517400742},"size":1.9938331842422486,"orthographic":false}