{"cameraMode":{"drawMode":0,"name":"Shaded","section":"Shading Mode"},"sceneLighting":false,"audioPlay":false,"sceneViewState":{"showFog":true,"showMaterialUpdate":false,"showSkybox":true,"showFlares":true,"showImageEffects":true,"showParticleSystems":true},"in2DMode":false,"pivot":{"x":65.36132049560547,"y":1.220412015914917,"z":52.063533782958987},"rotation":{"x":-0.022330094128847123,"y":-0.9601191878318787,"z":0.08025403320789337,"w":-0.2669638693332672},"size":36.569068908691409,"orthographic":false}