{"cameraMode":{"drawMode":0,"name":"Shaded","section":"Shading Mode"},"sceneLighting":false,"audioPlay":false,"sceneViewState":{"showFog":true,"showMaterialUpdate":false,"showSkybox":false,"showFlares":true,"showImageEffects":true,"showParticleSystems":true},"in2DMode":false,"pivot":{"x":-20.876291275024415,"y":3.4173243045806886,"z":7.541707992553711},"rotation":{"x":0.0868244469165802,"y":0.7966825366020203,"z":-0.11796325445175171,"w":0.586382269859314},"size":1.626255750656128,"orthographic":true}