{"cameraMode":{"drawMode":0,"name":"Shaded","section":"Shading Mode"},"sceneLighting":false,"audioPlay":false,"sceneViewState":{"showFog":true,"showMaterialUpdate":false,"showSkybox":true,"showFlares":true,"showImageEffects":true,"showParticleSystems":true},"in2DMode":false,"pivot":{"x":-2.1999006271362306,"y":21.104061126708986,"z":67.73053741455078},"rotation":{"x":0.02095680497586727,"y":-0.06294449418783188,"z":0.0013220282271504403,"w":0.9977965950965881},"size":33.5507926940918,"orthographic":false}