{"cameraMode":{"drawMode":0,"name":"Shaded","section":"Shading Mode"},"sceneLighting":true,"audioPlay":false,"sceneViewState":{"showFog":true,"showMaterialUpdate":false,"showSkybox":true,"showFlares":true,"showImageEffects":true,"showParticleSystems":true},"in2DMode":false,"pivot":{"x":-17.930736541748048,"y":10.47010612487793,"z":10.757857322692871},"rotation":{"x":0.3259623348712921,"y":0.1979164481163025,"z":-0.06998855620622635,"w":0.921782374382019},"size":7.28626823425293,"orthographic":true}