{"cameraMode":{"drawMode":0,"name":"Shaded","section":"Shading Mode"},"sceneLighting":true,"audioPlay":false,"sceneViewState":{"showFog":true,"showMaterialUpdate":false,"showSkybox":true,"showFlares":true,"showImageEffects":true,"showParticleSystems":true},"in2DMode":false,"pivot":{"x":-25.116411209106447,"y":3.234734058380127,"z":22.44842529296875},"rotation":{"x":0.026247434318065645,"y":0.10457435995340347,"z":0.002863736357539892,"w":-0.9942904114723206},"size":12.024160385131836,"orthographic":false}