{"cameraMode":{"drawMode":0,"name":"Shaded","section":"Shading Mode"},"sceneLighting":true,"audioPlay":false,"sceneViewState":{"showFog":true,"showMaterialUpdate":false,"showSkybox":true,"showFlares":true,"showImageEffects":true,"showParticleSystems":true},"in2DMode":false,"pivot":{"x":-0.5824997425079346,"y":1.7139185667037964,"z":0.2801540493965149},"rotation":{"x":0.004425033926963806,"y":-0.9929178357124329,"z":0.03964217007160187,"w":0.11216166615486145},"size":1.9763108491897584,"orthographic":false}