{"cameraMode":{"drawMode":0,"name":"Shaded","section":"Shading Mode"},"sceneLighting":false,"audioPlay":false,"sceneViewState":{"showFog":true,"showMaterialUpdate":false,"showSkybox":true,"showFlares":true,"showImageEffects":true,"showParticleSystems":true},"in2DMode":false,"pivot":{"x":-1.9225854873657227,"y":11.47957992553711,"z":60.51762390136719},"rotation":{"x":0.4015951454639435,"y":0.36620426177978518,"z":-0.17934127151966096,"w":0.8200330138206482},"size":28.736404418945314,"orthographic":false}