{"cameraMode":{"drawMode":0,"name":"Shaded","section":"Shading Mode"},"sceneLighting":false,"audioPlay":false,"sceneViewState":{"showFog":true,"showMaterialUpdate":false,"showSkybox":false,"showFlares":true,"showImageEffects":true,"showParticleSystems":true},"in2DMode":false,"pivot":{"x":92.94601440429688,"y":13.40958023071289,"z":49.97087478637695},"rotation":{"x":0.1378401666879654,"y":0.6460508108139038,"z":-0.12016423791646958,"w":0.74107426404953},"size":17.206499099731447,"orthographic":false}