{"cameraMode":{"drawMode":0,"name":"Shaded","section":"Shading Mode"},"sceneLighting":false,"audioPlay":false,"sceneViewState":{"showFog":true,"showMaterialUpdate":false,"showSkybox":false,"showFlares":true,"showImageEffects":true,"showParticleSystems":true},"in2DMode":false,"pivot":{"x":-20.031078338623048,"y":3.26853346824646,"z":8.076505661010743},"rotation":{"x":0.2022361010313034,"y":0.05754683539271355,"z":-0.011906735599040985,"w":0.9775750637054443},"size":3.3939127922058107,"orthographic":true}