{"cameraMode":{"drawMode":0,"name":"Shaded","section":"Shading Mode"},"sceneLighting":false,"audioPlay":false,"sceneViewState":{"showFog":true,"showMaterialUpdate":false,"showSkybox":true,"showFlares":true,"showImageEffects":true,"showParticleSystems":true},"in2DMode":false,"pivot":{"x":-12.538772583007813,"y":13.842300415039063,"z":92.2827377319336},"rotation":{"x":0.16177161037921906,"y":0.4919571876525879,"z":-0.09359289705753327,"w":0.8503241539001465},"size":2.6041176319122316,"orthographic":false}