{"cameraMode":{"drawMode":0,"name":"Shaded","section":"Shading Mode"},"sceneLighting":false,"audioPlay":false,"sceneViewState":{"showFog":true,"showMaterialUpdate":false,"showSkybox":false,"showFlares":true,"showImageEffects":true,"showParticleSystems":true},"in2DMode":false,"pivot":{"x":-3.6828110218048097,"y":1.3079581260681153,"z":5.394595146179199},"rotation":{"x":-0.027711696922779084,"y":0.8078481554985046,"z":0.03806687891483307,"w":0.5875259041786194},"size":2.0600638389587404,"orthographic":true}