{"cameraMode":{"drawMode":0,"name":"Shaded","section":"Shading Mode"},"sceneLighting":true,"audioPlay":false,"sceneViewState":{"showFog":true,"showMaterialUpdate":false,"showSkybox":true,"showFlares":true,"showImageEffects":true,"showParticleSystems":true},"in2DMode":false,"pivot":{"x":-22.932506561279298,"y":5.154664516448975,"z":97.07331848144531},"rotation":{"x":-0.1265646070241928,"y":-0.0693158432841301,"z":0.008733879774808884,"w":-0.9895612597465515},"size":1.5036360025405884,"orthographic":false}