{"cameraMode":{"drawMode":0,"name":"Shaded","section":"Shading Mode"},"sceneLighting":false,"audioPlay":false,"sceneViewState":{"showFog":true,"showMaterialUpdate":false,"showSkybox":false,"showFlares":true,"showImageEffects":true,"showParticleSystems":true},"in2DMode":false,"pivot":{"x":-3.6828110218048097,"y":1.3079581260681153,"z":5.394595146179199},"rotation":{"x":-0.26535260677337649,"y":0.3489505350589752,"z":-0.10370707511901856,"w":-0.8927965760231018},"size":2.0600638389587404,"orthographic":true}