{"cameraMode":{"drawMode":0,"name":"Shaded","section":"Shading Mode"},"sceneLighting":false,"audioPlay":false,"sceneViewState":{"showFog":true,"showMaterialUpdate":false,"showSkybox":false,"showFlares":true,"showImageEffects":true,"showParticleSystems":true},"in2DMode":false,"pivot":{"x":-6.00970458984375,"y":3.815861940383911,"z":-6.2068023681640629},"rotation":{"x":0.01311436202377081,"y":-0.6848134398460388,"z":0.012327988632023335,"w":0.7284958958625794},"size":5.459130764007568,"orthographic":true}