{"cameraMode":{"drawMode":0,"name":"Shaded","section":"Shading Mode"},"sceneLighting":false,"audioPlay":false,"sceneViewState":{"showFog":true,"showMaterialUpdate":false,"showSkybox":false,"showFlares":true,"showImageEffects":true,"showParticleSystems":true},"in2DMode":false,"pivot":{"x":-9.528348922729493,"y":4.163066864013672,"z":23.95131492614746},"rotation":{"x":0.01383532676845789,"y":0.9691609740257263,"z":-0.058368321508169177,"w":0.23969033360481263},"size":10.233633041381836,"orthographic":false}