{"cameraMode":{"drawMode":0,"name":"Shaded","section":"Shading Mode"},"sceneLighting":true,"audioPlay":false,"sceneViewState":{"showFog":true,"showMaterialUpdate":false,"showSkybox":true,"showFlares":true,"showImageEffects":true,"showParticleSystems":true},"in2DMode":false,"pivot":{"x":-13.693617820739746,"y":4.544918060302734,"z":18.983646392822267},"rotation":{"x":0.04568381607532501,"y":0.09276864677667618,"z":-0.0042609465308487419,"w":0.9946330785751343},"size":31.92551040649414,"orthographic":true}