{"cameraMode":{"drawMode":0,"name":"Shaded","section":"Shading Mode"},"sceneLighting":false,"audioPlay":false,"sceneViewState":{"showFog":true,"showMaterialUpdate":false,"showSkybox":true,"showFlares":true,"showImageEffects":true,"showParticleSystems":true},"in2DMode":false,"pivot":{"x":34.017066955566409,"y":14.613354682922364,"z":54.13019561767578},"rotation":{"x":-0.39523643255233767,"y":0.11916323751211167,"z":-0.05178740248084068,"w":-0.9093583226203919},"size":6.449227333068848,"orthographic":false}