{"cameraMode":{"drawMode":0,"name":"Shaded","section":"Shading Mode"},"sceneLighting":false,"audioPlay":false,"sceneViewState":{"showFog":true,"showMaterialUpdate":false,"showSkybox":false,"showFlares":true,"showImageEffects":true,"showParticleSystems":true},"in2DMode":false,"pivot":{"x":1.504469394683838,"y":0.931159257888794,"z":-2.141878128051758},"rotation":{"x":-0.0024170149117708208,"y":0.8435081243515015,"z":0.0037957681342959406,"w":0.53709876537323},"size":4.25832986831665,"orthographic":false}