{"cameraMode":{"drawMode":0,"name":"Shaded","section":"Shading Mode"},"sceneLighting":false,"audioPlay":false,"sceneViewState":{"showFog":true,"showMaterialUpdate":false,"showSkybox":false,"showFlares":true,"showImageEffects":true,"showParticleSystems":true},"in2DMode":false,"pivot":{"x":-10.95623779296875,"y":22.356935501098634,"z":55.62350082397461},"rotation":{"x":-0.041854675859212878,"y":0.634701132774353,"z":0.03455428406596184,"w":0.7709085941314697},"size":15.24597454071045,"orthographic":false}