{"cameraMode":{"drawMode":0,"name":"Shaded","section":"Shading Mode"},"sceneLighting":false,"audioPlay":false,"sceneViewState":{"showFog":true,"showMaterialUpdate":false,"showSkybox":false,"showFlares":true,"showImageEffects":true,"showParticleSystems":true},"in2DMode":false,"pivot":{"x":-2.1515727043151857,"y":1.6978651285171509,"z":4.475642204284668},"rotation":{"x":-0.16365526616573335,"y":-0.0068129138089716438,"z":0.001136374776251614,"w":-0.9865002632141113},"size":5.740542411804199,"orthographic":true}