{"cameraMode":{"drawMode":0,"name":"Shaded","section":"Shading Mode"},"sceneLighting":false,"audioPlay":false,"sceneViewState":{"showFog":true,"showMaterialUpdate":false,"showSkybox":false,"showFlares":true,"showImageEffects":true,"showParticleSystems":true},"in2DMode":false,"pivot":{"x":-11.900760650634766,"y":-5.210915565490723,"z":-19.449996948242189},"rotation":{"x":0.13175126910209657,"y":-0.5308608412742615,"z":0.08406220376491547,"w":0.8331217765808106},"size":6.975174427032471,"orthographic":false}