{"cameraMode":{"drawMode":0,"name":"Shaded","section":"Shading Mode"},"sceneLighting":false,"audioPlay":false,"sceneViewState":{"showFog":true,"showMaterialUpdate":false,"showSkybox":false,"showFlares":true,"showImageEffects":true,"showParticleSystems":true},"in2DMode":false,"pivot":{"x":-0.1018068790435791,"y":0.3217259645462036,"z":0.9655309915542603},"rotation":{"x":0.18682995438575746,"y":0.4983639717102051,"z":-0.11160948127508164,"w":0.8396528959274292},"size":2.3294005393981935,"orthographic":false}