{"cameraMode":{"drawMode":0,"name":"Shaded","section":"Shading Mode"},"sceneLighting":true,"audioPlay":false,"sceneViewState":{"showFog":true,"showMaterialUpdate":false,"showSkybox":true,"showFlares":true,"showImageEffects":true,"showParticleSystems":true},"in2DMode":false,"pivot":{"x":-8.569327354431153,"y":7.922692775726318,"z":96.51792907714844},"rotation":{"x":0.2044648379087448,"y":0.6746796369552612,"z":-0.20387817919254304,"w":0.6798385977745056},"size":5.996065616607666,"orthographic":false}