{"cameraMode":{"drawMode":0,"name":"Shaded","section":"Shading Mode"},"sceneLighting":false,"audioPlay":false,"sceneViewState":{"showFog":true,"showMaterialUpdate":false,"showSkybox":false,"showFlares":true,"showImageEffects":true,"showParticleSystems":true},"in2DMode":false,"pivot":{"x":-24.23209571838379,"y":6.823091983795166,"z":78.55915832519531},"rotation":{"x":0.05621317774057388,"y":-0.6425022482872009,"z":0.04726555198431015,"w":0.7629319429397583},"size":1.053489089012146,"orthographic":false}