{"cameraMode":{"drawMode":0,"name":"Shaded","section":"Shading Mode"},"sceneLighting":true,"audioPlay":false,"sceneViewState":{"showFog":true,"showMaterialUpdate":false,"showSkybox":true,"showFlares":true,"showImageEffects":true,"showParticleSystems":true},"in2DMode":false,"pivot":{"x":0.09999990463256836,"y":0.7559999823570252,"z":5.73199987411499},"rotation":{"x":0.04175085946917534,"y":0.9575126767158508,"z":-0.18166756629943849,"w":0.22005654871463777},"size":8.325529098510743,"orthographic":true}