{"cameraMode":{"drawMode":0,"name":"Shaded","section":"Shading Mode"},"sceneLighting":false,"audioPlay":false,"sceneViewState":{"showFog":true,"showMaterialUpdate":false,"showSkybox":true,"showFlares":true,"showImageEffects":true,"showParticleSystems":true},"in2DMode":false,"pivot":{"x":-32.01043701171875,"y":7.984282493591309,"z":95.1603775024414},"rotation":{"x":0.06985405832529068,"y":-0.6560848355293274,"z":0.06119244173169136,"w":0.7489522099494934},"size":6.3774943351745609,"orthographic":false}