{"cameraMode":{"drawMode":0,"name":"Shaded","section":"Shading Mode"},"sceneLighting":false,"audioPlay":false,"sceneViewState":{"showFog":true,"showMaterialUpdate":false,"showSkybox":false,"showFlares":true,"showImageEffects":true,"showParticleSystems":true},"in2DMode":false,"pivot":{"x":1.2573662996292115,"y":2.7435989379882814,"z":-1.435903787612915},"rotation":{"x":-0.0015760925598442555,"y":0.9814141988754273,"z":0.19199639558792115,"w":0.008604363538324833},"size":1.7343764305114747,"orthographic":false}