{"cameraMode":{"drawMode":0,"name":"Shaded","section":"Shading Mode"},"sceneLighting":true,"audioPlay":false,"sceneViewState":{"showFog":true,"showMaterialUpdate":false,"showSkybox":true,"showFlares":true,"showImageEffects":true,"showParticleSystems":true},"in2DMode":false,"pivot":{"x":0.10191314667463303,"y":1.1526479721069337,"z":0.48720139265060427},"rotation":{"x":0.01733032613992691,"y":0.9817432165145874,"z":-0.1082180067896843,"w":0.155962735414505},"size":1.1621733903884888,"orthographic":false}