{"cameraMode":{"drawMode":0,"name":"Shaded","section":"Shading Mode"},"sceneLighting":false,"audioPlay":false,"sceneViewState":{"showFog":true,"showMaterialUpdate":false,"showSkybox":false,"showFlares":true,"showImageEffects":true,"showParticleSystems":true},"in2DMode":false,"pivot":{"x":-7.1312408447265629,"y":-6.349087715148926,"z":-7.349401950836182},"rotation":{"x":0.037990424782037738,"y":0.8000876307487488,"z":-0.0509621724486351,"w":0.5967007279396057},"size":1.8321239948272706,"orthographic":false}