{"cameraMode":{"drawMode":0,"name":"Shaded","section":"Shading Mode"},"sceneLighting":false,"audioPlay":false,"sceneViewState":{"showFog":true,"showMaterialUpdate":false,"showSkybox":false,"showFlares":true,"showImageEffects":true,"showParticleSystems":true},"in2DMode":false,"pivot":{"x":1.0815433263778687,"y":0.9824051856994629,"z":3.626255750656128},"rotation":{"x":-0.020688647404313089,"y":-0.018946219235658647,"z":-0.0003682559763547033,"w":0.9996816515922546},"size":1.7343764305114747,"orthographic":false}