{"cameraMode":{"drawMode":0,"name":"Shaded","section":"Shading Mode"},"sceneLighting":false,"audioPlay":false,"sceneViewState":{"showFog":true,"showMaterialUpdate":false,"showSkybox":false,"showFlares":true,"showImageEffects":true,"showParticleSystems":true},"in2DMode":false,"pivot":{"x":33.85980224609375,"y":13.004510879516602,"z":64.2565689086914},"rotation":{"x":0.2662097215652466,"y":0.2428325116634369,"z":-0.06944963335990906,"w":0.9302879571914673},"size":1.5036360025405884,"orthographic":false}