{"cameraMode":{"drawMode":0,"name":"Shaded","section":"Shading Mode"},"sceneLighting":true,"audioPlay":false,"sceneViewState":{"showFog":true,"showMaterialUpdate":false,"showSkybox":true,"showFlares":true,"showImageEffects":true,"showParticleSystems":true},"in2DMode":false,"pivot":{"x":-17.930736541748048,"y":10.47010612487793,"z":10.757857322692871},"rotation":{"x":0.08120349049568176,"y":-0.12079588323831558,"z":0.00991429015994072,"w":0.9893026947975159},"size":12.67926025390625,"orthographic":true}