{"cameraMode":{"drawMode":0,"name":"Shaded","section":"Shading Mode"},"sceneLighting":false,"audioPlay":false,"sceneViewState":{"showFog":true,"showMaterialUpdate":false,"showSkybox":false,"showFlares":true,"showImageEffects":true,"showParticleSystems":true},"in2DMode":false,"pivot":{"x":-17.74983787536621,"y":2.669863224029541,"z":79.87974548339844},"rotation":{"x":0.1441134214401245,"y":0.5899980068206787,"z":-0.10877948999404907,"w":0.7873317003250122},"size":7.942500591278076,"orthographic":false}