{"cameraMode":{"drawMode":0,"name":"Shaded","section":"Shading Mode"},"sceneLighting":false,"audioPlay":false,"sceneViewState":{"showFog":true,"showMaterialUpdate":false,"showSkybox":true,"showFlares":true,"showImageEffects":true,"showParticleSystems":true},"in2DMode":false,"pivot":{"x":-24.337148666381837,"y":19.22441291809082,"z":88.20626068115235},"rotation":{"x":0.45542794466018679,"y":0.14048291742801667,"z":-0.07302948087453842,"w":0.8760820031166077},"size":17.383432388305665,"orthographic":false}