{"cameraMode":{"drawMode":0,"name":"Shaded","section":"Shading Mode"},"sceneLighting":true,"audioPlay":false,"sceneViewState":{"showFog":true,"showMaterialUpdate":false,"showSkybox":true,"showFlares":true,"showImageEffects":true,"showParticleSystems":true},"in2DMode":false,"pivot":{"x":2.7430410385131838,"y":6.4722819328308109,"z":87.34846496582031},"rotation":{"x":-0.05922653526067734,"y":-0.8875998258590698,"z":0.11920168995857239,"w":-0.4409780502319336},"size":20.584135055541993,"orthographic":false}