{"cameraMode":{"drawMode":0,"name":"Shaded","section":"Shading Mode"},"sceneLighting":true,"audioPlay":false,"sceneViewState":{"showFog":true,"showMaterialUpdate":false,"showSkybox":true,"showFlares":true,"showImageEffects":true,"showParticleSystems":true},"in2DMode":false,"pivot":{"x":57.328575134277347,"y":14.147380828857422,"z":-35.665042877197269},"rotation":{"x":-0.03739633411169052,"y":0.8808513879776001,"z":0.07074715197086334,"w":0.46672138571739199},"size":36.94374084472656,"orthographic":false}