{"cameraMode":{"drawMode":0,"name":"Shaded","section":"Shading Mode"},"sceneLighting":false,"audioPlay":false,"sceneViewState":{"showFog":true,"showMaterialUpdate":false,"showSkybox":false,"showFlares":true,"showImageEffects":true,"showParticleSystems":true},"in2DMode":false,"pivot":{"x":-0.3960927724838257,"y":0.02449136972427368,"z":-0.21026134490966798},"rotation":{"x":0.000451873813290149,"y":0.991463840007782,"z":-0.13042804598808289,"w":0.0032683578319847585},"size":3.2308285236358644,"orthographic":true}