{"cameraMode":{"drawMode":0,"name":"Shaded","section":"Shading Mode"},"sceneLighting":false,"audioPlay":false,"sceneViewState":{"showFog":true,"showMaterialUpdate":false,"showSkybox":false,"showFlares":true,"showImageEffects":true,"showParticleSystems":true},"in2DMode":false,"pivot":{"x":-0.275677353143692,"y":-0.03467574715614319,"z":-0.353934645652771},"rotation":{"x":0.007350328844040632,"y":-0.9907785058021545,"z":0.12129123508930206,"w":0.06068276986479759},"size":1.8054640293121338,"orthographic":false}