{"cameraMode":{"drawMode":0,"name":"Shaded","section":"Shading Mode"},"sceneLighting":false,"audioPlay":false,"sceneViewState":{"showFog":true,"showMaterialUpdate":false,"showSkybox":true,"showFlares":true,"showImageEffects":true,"showParticleSystems":true},"in2DMode":false,"pivot":{"x":6.239508628845215,"y":8.661072731018067,"z":63.32037353515625},"rotation":{"x":0.3210866153240204,"y":-0.025566179305315019,"z":0.008671482093632222,"w":0.9466656446456909},"size":23.176807403564454,"orthographic":false}