{"cameraMode":{"drawMode":0,"name":"Shaded","section":"Shading Mode"},"sceneLighting":false,"audioPlay":false,"sceneViewState":{"showFog":true,"showMaterialUpdate":false,"showSkybox":false,"showFlares":true,"showImageEffects":true,"showParticleSystems":true},"in2DMode":false,"pivot":{"x":-19.159801483154298,"y":12.066498756408692,"z":81.98495483398438},"rotation":{"x":-0.07331660389900208,"y":-0.1117028295993805,"z":-0.007974706590175629,"w":0.9912236928939819},"size":1.7218594551086426,"orthographic":false}