{"cameraMode":{"drawMode":0,"name":"Shaded","section":"Shading Mode"},"sceneLighting":true,"audioPlay":false,"sceneViewState":{"showFog":true,"showMaterialUpdate":false,"showSkybox":true,"showFlares":true,"showImageEffects":true,"showParticleSystems":true},"in2DMode":false,"pivot":{"x":-15.657577514648438,"y":2.9809553623199465,"z":16.20709991455078},"rotation":{"x":-0.24625937640666963,"y":-0.4267759323120117,"z":0.12198673188686371,"w":-0.8615973591804504},"size":4.86952543258667,"orthographic":true}