{"cameraMode":{"drawMode":0,"name":"Shaded","section":"Shading Mode"},"sceneLighting":false,"audioPlay":false,"sceneViewState":{"showFog":true,"showMaterialUpdate":false,"showSkybox":false,"showFlares":true,"showImageEffects":true,"showParticleSystems":true},"in2DMode":false,"pivot":{"x":5.348390102386475,"y":6.924345970153809,"z":6.89951229095459},"rotation":{"x":0.03652416914701462,"y":-0.06198911741375923,"z":-0.0022621105890721084,"w":-0.9974178671836853},"size":7.2288498878479,"orthographic":false}