{"cameraMode":{"drawMode":0,"name":"Shaded","section":"Shading Mode"},"sceneLighting":false,"audioPlay":false,"sceneViewState":{"showFog":true,"showMaterialUpdate":false,"showSkybox":true,"showFlares":true,"showImageEffects":true,"showParticleSystems":true},"in2DMode":false,"pivot":{"x":-3.682809352874756,"y":1.3079581260681153,"z":5.394594192504883},"rotation":{"x":0.0884808897972107,"y":0.7838253378868103,"z":-0.11485825479030609,"w":0.6038199663162231},"size":1.9763108491897584,"orthographic":true}