{"cameraMode":{"drawMode":0,"name":"Shaded","section":"Shading Mode"},"sceneLighting":false,"audioPlay":false,"sceneViewState":{"showFog":true,"showMaterialUpdate":false,"showSkybox":false,"showFlares":true,"showImageEffects":true,"showParticleSystems":true},"in2DMode":false,"pivot":{"x":-3.7539865970611574,"y":1.2468494176864625,"z":6.018954753875732},"rotation":{"x":-0.13717442750930787,"y":-0.07773537188768387,"z":0.010815364308655262,"w":-0.9876422882080078},"size":0.7689398527145386,"orthographic":false}