{"cameraMode":{"drawMode":0,"name":"Shaded","section":"Shading Mode"},"sceneLighting":true,"audioPlay":false,"sceneViewState":{"showFog":true,"showMaterialUpdate":false,"showSkybox":true,"showFlares":true,"showImageEffects":true,"showParticleSystems":true},"in2DMode":false,"pivot":{"x":-0.07034409046173096,"y":1.650991439819336,"z":1.4036064147949219},"rotation":{"x":-0.03342410922050476,"y":-0.9229916930198669,"z":0.08215759694576264,"w":-0.37457144260406496},"size":0.8660253882408142,"orthographic":false}