{"cameraMode":{"drawMode":0,"name":"Shaded","section":"Shading Mode"},"sceneLighting":true,"audioPlay":false,"sceneViewState":{"showFog":true,"showMaterialUpdate":false,"showSkybox":true,"showFlares":true,"showImageEffects":true,"showParticleSystems":true},"in2DMode":false,"pivot":{"x":0.0375203862786293,"y":2.0973060131073,"z":4.155235767364502},"rotation":{"x":0.06813251227140427,"y":-0.019276637583971025,"z":-0.0013818125007674099,"w":-0.9976235628128052},"size":0.5343763828277588,"orthographic":false}