{"cameraMode":{"drawMode":0,"name":"Shaded","section":"Shading Mode"},"sceneLighting":true,"audioPlay":false,"sceneViewState":{"showFog":true,"showMaterialUpdate":false,"showSkybox":true,"showFlares":true,"showImageEffects":true,"showParticleSystems":true},"in2DMode":false,"pivot":{"x":87.46643829345703,"y":-1.4054169654846192,"z":3.2166647911071779},"rotation":{"x":-0.12059266865253449,"y":0.7232409715652466,"z":-0.13073420524597169,"w":-0.6673158407211304},"size":10.0,"orthographic":false}