{"cameraMode":{"drawMode":0,"name":"Shaded","section":"Shading Mode"},"sceneLighting":true,"audioPlay":false,"sceneViewState":{"showFog":true,"showMaterialUpdate":false,"showSkybox":true,"showFlares":true,"showImageEffects":true,"showParticleSystems":true},"in2DMode":false,"pivot":{"x":-16.834911346435548,"y":2.3867440223693849,"z":-6.140038013458252},"rotation":{"x":-0.017930179834365846,"y":0.19406722486019135,"z":0.003663431853055954,"w":0.9808860421180725},"size":1.8424263000488282,"orthographic":false}