{"cameraMode":{"drawMode":0,"name":"Shaded","section":"Shading Mode"},"sceneLighting":false,"audioPlay":false,"sceneViewState":{"showFog":true,"showMaterialUpdate":false,"showSkybox":true,"showFlares":true,"showImageEffects":true,"showParticleSystems":true},"in2DMode":false,"pivot":{"x":-20.442989349365236,"y":11.010632514953614,"z":20.818696975708009},"rotation":{"x":-0.0023182472214102747,"y":0.9973819851875305,"z":-0.03792213276028633,"w":-0.062233421951532367},"size":1.976311206817627,"orthographic":false}