{"cameraMode":{"drawMode":0,"name":"Shaded","section":"Shading Mode"},"sceneLighting":false,"audioPlay":false,"sceneViewState":{"showFog":true,"showMaterialUpdate":false,"showSkybox":false,"showFlares":true,"showImageEffects":true,"showParticleSystems":true},"in2DMode":false,"pivot":{"x":-20.876291275024415,"y":3.4173243045806886,"z":7.541707992553711},"rotation":{"x":-0.005052031949162483,"y":0.9748779535293579,"z":-0.022231334820389749,"w":-0.2215871810913086},"size":1.7226409912109376,"orthographic":true}