{"cameraMode":{"drawMode":0,"name":"Shaded","section":"Shading Mode"},"sceneLighting":true,"audioPlay":false,"sceneViewState":{"showFog":true,"showMaterialUpdate":false,"showSkybox":true,"showFlares":true,"showImageEffects":true,"showParticleSystems":true},"in2DMode":false,"pivot":{"x":5.211023330688477,"y":0.3664579391479492,"z":-3.1360931396484377},"rotation":{"x":0.08355344831943512,"y":0.8430700898170471,"z":-0.13718760013580323,"w":0.5134859085083008},"size":3.862173080444336,"orthographic":false}