{"cameraMode":{"drawMode":0,"name":"Shaded","section":"Shading Mode"},"sceneLighting":false,"audioPlay":false,"sceneViewState":{"showFog":true,"showMaterialUpdate":false,"showSkybox":false,"showFlares":true,"showImageEffects":true,"showParticleSystems":true},"in2DMode":false,"pivot":{"x":-13.097461700439454,"y":5.091046333312988,"z":22.488208770751954},"rotation":{"x":-0.08431713283061981,"y":-0.6532430052757263,"z":0.07415803521871567,"w":-0.7489719390869141},"size":2.2933690547943117,"orthographic":false}