{"cameraMode":{"drawMode":0,"name":"Shaded","section":"Shading Mode"},"sceneLighting":true,"audioPlay":false,"sceneViewState":{"showFog":true,"showMaterialUpdate":false,"showSkybox":true,"showFlares":true,"showImageEffects":true,"showParticleSystems":true},"in2DMode":false,"pivot":{"x":0.06030762195587158,"y":1.7238348722457886,"z":5.255480766296387},"rotation":{"x":-0.16181138157844544,"y":0.2684021592140198,"z":-0.04531869664788246,"w":-0.9487158060073853},"size":1.2099132537841797,"orthographic":false}