{"cameraMode":{"drawMode":0,"name":"Shaded","section":"Shading Mode"},"sceneLighting":false,"audioPlay":false,"sceneViewState":{"showFog":true,"showMaterialUpdate":false,"showSkybox":false,"showFlares":true,"showImageEffects":true,"showParticleSystems":true},"in2DMode":false,"pivot":{"x":-0.05762001872062683,"y":0.5732199549674988,"z":-0.5149999856948853},"rotation":{"x":0.09356231987476349,"y":-0.15172389149665833,"z":0.014427716843783856,"w":0.9838868379592896},"size":2.950098991394043,"orthographic":false}