{"cameraMode":{"drawMode":0,"name":"Shaded","section":"Shading Mode"},"sceneLighting":false,"audioPlay":false,"sceneViewState":{"showFog":true,"showMaterialUpdate":false,"showSkybox":false,"showFlares":true,"showImageEffects":true,"showParticleSystems":true},"in2DMode":false,"pivot":{"x":5.934154510498047,"y":2.750283718109131,"z":-2.135939121246338},"rotation":{"x":-0.013930246233940125,"y":0.4462141990661621,"z":0.007030142471194267,"w":0.8948642015457153},"size":5.565280914306641,"orthographic":false}