{"cameraMode":{"drawMode":0,"name":"Shaded","section":"Shading Mode"},"sceneLighting":false,"audioPlay":false,"sceneViewState":{"showFog":true,"showMaterialUpdate":false,"showSkybox":false,"showFlares":true,"showImageEffects":true,"showParticleSystems":true},"in2DMode":false,"pivot":{"x":-2.477062225341797,"y":1.5099999904632569,"z":-0.4570000171661377},"rotation":{"x":0.0123642822727561,"y":-0.9834729433059692,"z":0.07421854883432388,"w":0.16494275629520417},"size":0.8660253882408142,"orthographic":false}