{"cameraMode":{"drawMode":0,"name":"Shaded","section":"Shading Mode"},"sceneLighting":true,"audioPlay":false,"sceneViewState":{"showFog":true,"showMaterialUpdate":false,"showSkybox":true,"showFlares":true,"showImageEffects":true,"showParticleSystems":true},"in2DMode":false,"pivot":{"x":-2.7773690223693849,"y":2.9696295261383058,"z":-7.292612552642822},"rotation":{"x":0.0906120091676712,"y":-0.6377993226051331,"z":0.07593496888875961,"w":0.7610750198364258},"size":5.200521469116211,"orthographic":true}