{"cameraMode":{"drawMode":0,"name":"Shaded","section":"Shading Mode"},"sceneLighting":false,"audioPlay":false,"sceneViewState":{"showFog":true,"showMaterialUpdate":false,"showSkybox":false,"showFlares":true,"showImageEffects":true,"showParticleSystems":true},"in2DMode":false,"pivot":{"x":-7.272001266479492,"y":4.839720726013184,"z":-5.045196056365967},"rotation":{"x":0.23401549458503724,"y":0.6216850876808167,"z":-0.20216166973114015,"w":0.7196380496025086},"size":3.137373924255371,"orthographic":true}