{"cameraMode":{"drawMode":0,"name":"Shaded","section":"Shading Mode"},"sceneLighting":false,"audioPlay":false,"sceneViewState":{"showFog":true,"showMaterialUpdate":false,"showSkybox":false,"showFlares":true,"showImageEffects":true,"showParticleSystems":true},"in2DMode":false,"pivot":{"x":-0.6299999952316284,"y":1.4859999418258668,"z":5.140999794006348},"rotation":{"x":-0.22223374247550965,"y":-0.7726842761039734,"z":0.36697787046432497,"w":-0.4679119288921356},"size":0.25980764627456667,"orthographic":true}