{"cameraMode":{"drawMode":0,"name":"Shaded","section":"Shading Mode"},"sceneLighting":false,"audioPlay":false,"sceneViewState":{"showFog":true,"showMaterialUpdate":false,"showSkybox":true,"showFlares":true,"showImageEffects":true,"showParticleSystems":true},"in2DMode":false,"pivot":{"x":-16.63455581665039,"y":11.952681541442871,"z":71.2757339477539},"rotation":{"x":-0.07279758155345917,"y":0.08069552481174469,"z":0.0059099686332046989,"w":0.994062602519989},"size":3.942269802093506,"orthographic":false}