{"cameraMode":{"drawMode":0,"name":"Shaded","section":"Shading Mode"},"sceneLighting":false,"audioPlay":false,"sceneViewState":{"showFog":true,"showMaterialUpdate":false,"showSkybox":false,"showFlares":true,"showImageEffects":true,"showParticleSystems":true},"in2DMode":false,"pivot":{"x":-300.4300537109375,"y":316.9239196777344,"z":-174.08169555664063},"rotation":{"x":0.18242953717708589,"y":0.06778270751237869,"z":-0.012610017322003842,"w":0.9808045029640198},"size":250.31858825683595,"orthographic":true}