{"cameraMode":{"drawMode":0,"name":"Shaded","section":"Shading Mode"},"sceneLighting":false,"audioPlay":false,"sceneViewState":{"showFog":true,"showMaterialUpdate":false,"showSkybox":true,"showFlares":true,"showImageEffects":true,"showParticleSystems":true},"in2DMode":false,"pivot":{"x":-17.957117080688478,"y":0.5854421257972717,"z":47.66912841796875},"rotation":{"x":-0.0746336430311203,"y":-0.4083070755004883,"z":0.03350188955664635,"w":-0.9091945290565491},"size":4.079371929168701,"orthographic":false}