{"cameraMode":{"drawMode":0,"name":"Shaded","section":"Shading Mode"},"sceneLighting":true,"audioPlay":false,"sceneViewState":{"showFog":true,"showMaterialUpdate":false,"showSkybox":true,"showFlares":true,"showImageEffects":true,"showParticleSystems":true},"in2DMode":false,"pivot":{"x":2.7627432346343996,"y":2.032504081726074,"z":-0.9000244140625},"rotation":{"x":-0.11723216623067856,"y":0.5554822087287903,"z":0.07963819056749344,"w":0.8194586038589478},"size":1.1621733903884888,"orthographic":false}