{"cameraMode":{"drawMode":0,"name":"Shaded","section":"Shading Mode"},"sceneLighting":false,"audioPlay":false,"sceneViewState":{"showFog":true,"showMaterialUpdate":false,"showSkybox":false,"showFlares":true,"showImageEffects":true,"showParticleSystems":true},"in2DMode":false,"pivot":{"x":-18.279603958129884,"y":3.8625919818878176,"z":7.10569953918457},"rotation":{"x":0.0468963123857975,"y":0.8556328415870667,"z":-0.0787680521607399,"w":0.5094085931777954},"size":1.8235993385314942,"orthographic":true}