{"cameraMode":{"drawMode":0,"name":"Shaded","section":"Shading Mode"},"sceneLighting":true,"audioPlay":false,"sceneViewState":{"showFog":true,"showMaterialUpdate":false,"showSkybox":true,"showFlares":true,"showImageEffects":true,"showParticleSystems":true},"in2DMode":false,"pivot":{"x":4.456596851348877,"y":1.3977411985397339,"z":-4.728539943695068},"rotation":{"x":0.03844372555613518,"y":0.9051796197891235,"z":-0.08379014581441879,"w":0.4151982367038727},"size":3.862173080444336,"orthographic":false}