{"cameraMode":{"drawMode":0,"name":"Shaded","section":"Shading Mode"},"sceneLighting":false,"audioPlay":false,"sceneViewState":{"showFog":true,"showMaterialUpdate":false,"showSkybox":false,"showFlares":true,"showImageEffects":true,"showParticleSystems":true},"in2DMode":false,"pivot":{"x":-20.93639373779297,"y":4.63456916809082,"z":27.474882125854493},"rotation":{"x":0.02069341018795967,"y":-0.5062520503997803,"z":0.012152230367064476,"w":0.8620555400848389},"size":5.765052318572998,"orthographic":false}