{"cameraMode":{"drawMode":0,"name":"Shaded","section":"Shading Mode"},"sceneLighting":true,"audioPlay":false,"sceneViewState":{"showFog":true,"showMaterialUpdate":false,"showSkybox":true,"showFlares":true,"showImageEffects":true,"showParticleSystems":true},"in2DMode":false,"pivot":{"x":-0.32261407375335696,"y":0.10717940330505371,"z":-1.2857470512390137},"rotation":{"x":-0.08832880854606629,"y":-0.6380283832550049,"z":0.07402308285236359,"w":-0.7613630294799805},"size":0.8408290147781372,"orthographic":true}