{"cameraMode":{"drawMode":0,"name":"Shaded","section":"Shading Mode"},"sceneLighting":true,"audioPlay":false,"sceneViewState":{"showFog":true,"showMaterialUpdate":false,"showSkybox":true,"showFlares":true,"showImageEffects":true,"showParticleSystems":true},"in2DMode":false,"pivot":{"x":6.6074066162109379,"y":0.10717940330505371,"z":0.0},"rotation":{"x":0.21480879187583924,"y":0.5217716097831726,"z":-0.13768570125102998,"w":0.8140360713005066},"size":12.526795387268067,"orthographic":true}