{"cameraMode":{"drawMode":0,"name":"Shaded","section":"Shading Mode"},"sceneLighting":true,"audioPlay":false,"sceneViewState":{"showFog":true,"showMaterialUpdate":false,"showSkybox":true,"showFlares":true,"showImageEffects":true,"showParticleSystems":true},"in2DMode":false,"pivot":{"x":3.3542022705078127,"y":3.9327919483184816,"z":-1.4713306427001954},"rotation":{"x":0.11566361784934998,"y":-0.29675957560539248,"z":0.03621978312730789,"w":0.9472406506538391},"size":3.878136396408081,"orthographic":true}