{"cameraMode":{"drawMode":0,"name":"Shaded","section":"Shading Mode"},"sceneLighting":true,"audioPlay":false,"sceneViewState":{"showFog":true,"showMaterialUpdate":false,"showSkybox":true,"showFlares":true,"showImageEffects":true,"showParticleSystems":true},"in2DMode":false,"pivot":{"x":1.8294403553009034,"y":2.4974558353424074,"z":-1.3676166534423829},"rotation":{"x":0.1814834028482437,"y":-0.07280195504426956,"z":0.013462682254612446,"w":0.9806157946586609},"size":4.624749660491943,"orthographic":true}