{"cameraMode":{"drawMode":0,"name":"Shaded","section":"Shading Mode"},"sceneLighting":false,"audioPlay":false,"sceneViewState":{"showFog":true,"showMaterialUpdate":false,"showSkybox":false,"showFlares":true,"showImageEffects":true,"showParticleSystems":true},"in2DMode":false,"pivot":{"x":-0.05762001872062683,"y":0.5732199549674988,"z":-0.2810959815979004},"rotation":{"x":0.17379695177078248,"y":-0.20139598846435548,"z":0.03633439540863037,"w":0.9632875323295593},"size":3.0369374752044679,"orthographic":true}