{"cameraMode":{"drawMode":0,"name":"Shaded","section":"Shading Mode"},"sceneLighting":true,"audioPlay":false,"sceneViewState":{"showFog":true,"showMaterialUpdate":false,"showSkybox":true,"showFlares":true,"showImageEffects":true,"showParticleSystems":true},"in2DMode":false,"pivot":{"x":0.361328125,"y":2.5060653686523439,"z":-11.431647300720215},"rotation":{"x":0.2115396112203598,"y":0.15696392953395844,"z":-0.03444305807352066,"w":0.964072585105896},"size":10.716632843017579,"orthographic":true}