{"cameraMode":{"drawMode":0,"name":"Shaded","section":"Shading Mode"},"sceneLighting":false,"audioPlay":false,"sceneViewState":{"showFog":true,"showMaterialUpdate":false,"showSkybox":false,"showFlares":true,"showImageEffects":true,"showParticleSystems":true},"in2DMode":false,"pivot":{"x":-0.9643896222114563,"y":1.7843644618988038,"z":4.622932434082031},"rotation":{"x":-0.3172244727611542,"y":-0.10412468761205673,"z":-0.034876737743616107,"w":0.9423645734786987},"size":1.1224972009658814,"orthographic":false}