{"cameraMode":{"drawMode":0,"name":"Shaded","section":"Shading Mode"},"sceneLighting":true,"audioPlay":false,"sceneViewState":{"showFog":true,"showMaterialUpdate":false,"showSkybox":true,"showFlares":true,"showImageEffects":true,"showParticleSystems":true},"in2DMode":false,"pivot":{"x":9.338949203491211,"y":-1.8658394813537598,"z":5.775557041168213},"rotation":{"x":-0.08489807695150376,"y":-0.27026695013046267,"z":0.023937752470374109,"w":-0.9589001536369324},"size":10.573664665222168,"orthographic":false}