{"cameraMode":{"drawMode":0,"name":"Shaded","section":"Shading Mode"},"sceneLighting":true,"audioPlay":false,"sceneViewState":{"showFog":true,"showMaterialUpdate":false,"showSkybox":true,"showFlares":true,"showImageEffects":true,"showParticleSystems":true},"in2DMode":false,"pivot":{"x":-56.83941650390625,"y":-30.46261978149414,"z":45.49702835083008},"rotation":{"x":-0.16640935838222505,"y":0.4350627362728119,"z":-0.08262000232934952,"w":-0.8814352750778198},"size":49.59067153930664,"orthographic":false}