{"cameraMode":{"drawMode":0,"name":"Shaded","section":"Shading Mode"},"sceneLighting":false,"audioPlay":false,"sceneViewState":{"showFog":true,"showMaterialUpdate":false,"showSkybox":false,"showFlares":true,"showImageEffects":true,"showParticleSystems":true},"in2DMode":false,"pivot":{"x":2.5745391845703127,"y":1.2395639419555665,"z":-2.0039472579956056},"rotation":{"x":-0.0059083495289087299,"y":0.9875319004058838,"z":-0.15259549021720887,"w":-0.038235366344451907},"size":2.3500990867614748,"orthographic":false}