{"cameraMode":{"drawMode":0,"name":"Shaded","section":"Shading Mode"},"sceneLighting":false,"audioPlay":false,"sceneViewState":{"showFog":true,"showMaterialUpdate":false,"showSkybox":false,"showFlares":true,"showImageEffects":true,"showParticleSystems":true},"in2DMode":false,"pivot":{"x":-0.007961034774780274,"y":0.14544236660003663,"z":0.2773142457008362},"rotation":{"x":-0.003990619443356991,"y":0.9712749123573303,"z":-0.01632838323712349,"w":-0.23737744987010957},"size":1.074109673500061,"orthographic":false}