{"cameraMode":{"drawMode":0,"name":"Shaded","section":"Shading Mode"},"sceneLighting":false,"audioPlay":false,"sceneViewState":{"showFog":true,"showMaterialUpdate":false,"showSkybox":false,"showFlares":true,"showImageEffects":true,"showParticleSystems":true},"in2DMode":false,"pivot":{"x":-0.5960000157356262,"y":1.5440001487731934,"z":4.651000022888184},"rotation":{"x":-0.2667711675167084,"y":-0.5736106038093567,"z":-0.20452231168746949,"w":0.7474730610847473},"size":1.1224972009658814,"orthographic":false}