{"cameraMode":{"drawMode":0,"name":"Shaded","section":"Shading Mode"},"sceneLighting":false,"audioPlay":false,"sceneViewState":{"showFog":true,"showMaterialUpdate":false,"showSkybox":false,"showFlares":true,"showImageEffects":true,"showParticleSystems":true},"in2DMode":false,"pivot":{"x":0.06875881552696228,"y":2.2608206272125246,"z":12.292908668518067},"rotation":{"x":-0.024494262412190439,"y":-0.6619733572006226,"z":-0.021643279120326043,"w":0.7488795518875122},"size":8.287718772888184,"orthographic":false}