{"cameraMode":{"drawMode":0,"name":"Shaded","section":"Shading Mode"},"sceneLighting":true,"audioPlay":false,"sceneViewState":{"showFog":true,"showMaterialUpdate":false,"showSkybox":false,"showFlares":true,"showImageEffects":true,"showParticleSystems":true},"in2DMode":false,"pivot":{"x":0.0769186019897461,"y":1.715478777885437,"z":0.28543537855148318},"rotation":{"x":0.005280303303152323,"y":0.7388189435005188,"z":-0.005753666628152132,"w":0.6739088296890259},"size":4.747920989990234,"orthographic":false}