{"cameraMode":{"drawMode":0,"name":"Shaded","section":"Shading Mode"},"sceneLighting":false,"audioPlay":false,"sceneViewState":{"showFog":true,"showMaterialUpdate":false,"showSkybox":false,"showFlares":true,"showImageEffects":true,"showParticleSystems":true},"in2DMode":false,"pivot":{"x":0.18282315135002137,"y":1.1396019458770753,"z":-0.5201228260993958},"rotation":{"x":-0.05471515655517578,"y":0.7629544138908386,"z":0.0651676133275032,"w":0.6408993005752564},"size":2.1529152393341066,"orthographic":false}