{"cameraMode":{"drawMode":0,"name":"Shaded","section":"Shading Mode"},"sceneLighting":true,"audioPlay":false,"sceneViewState":{"showFog":true,"showMaterialUpdate":false,"showSkybox":true,"showFlares":true,"showImageEffects":true,"showParticleSystems":true},"in2DMode":false,"pivot":{"x":3.679353713989258,"y":8.241543769836426,"z":20.356687545776368},"rotation":{"x":-0.15052510797977448,"y":0.6191979646682739,"z":-0.1224968358874321,"w":-0.7608752250671387},"size":4.78963041305542,"orthographic":false}